{
  "displacement": {
    "_aqltmjcpr": { "x": 0.0, "y": 0.0 },
    "_7cgwgvltg": { "x": 0.21952405943709694, "y": 0.0 },
    "_b9bkp3irg": { "x": 0.03520185498271564, "y": -0.29298107019748026 },
    "_ejy9cb1vh": { "x": 0.2327735084761029, "y": -0.3414323742192019 },
    "_rvfpy0e74": { "x": 0.14269063863411302, "y": -0.44703793916734874 }
  },
  "forces": {
    "_aqltmjcpr": { "x": -30.0, "y": 34.999999999999986 },
    "_7cgwgvltg": { "x": 0.0, "y": 34.999999999999986 },
    "_b9bkp3irg": { "x": -39.99999999999997, "y": -19.99999999999997 },
    "_ejy9cb1vh": { "x": 50.0, "y": -30.0 },
    "_rvfpy0e74": { "x": 19.99999999999997, "y": -20.0 }
  },
  "internal": {
    "_adbggb15w": 64.99999999999999,
    "_uum79fo9r": -49.497474683058314,
    "_0g4brfcvm": 21.21320343559645,
    "_wqoomxf45": 7.0710678118654835,
    "_2iqq2l9v7": -49.497474683058314,
    "_0f4fyci5p": 89.99999999999999,
    "_m7wssryvn": 34.999999999999986
  },
  "stress": {
    "_adbggb15w": 20.690142601946388,
    "_uum79fo9r": -15.755535532749352,
    "_0g4brfcvm": 6.7523723711783035,
    "_wqoomxf45": 2.250790790392768,
    "_2iqq2l9v7": -15.755535532749352,
    "_0f4fyci5p": 28.647889756541154,
    "_m7wssryvn": 11.140846016432668
  }
}
